dim_00,dim_01,dim_02,dim_03,dim_04,dim_05,dim_06,dim_07,dim_08,dim_09,dim_10,dim_11,dim_12,dim_13,dim_14,dim_15,dim_16,dim_17,dim_18,dim_19,dim_20,dim_21,dim_22,dim_23,dim_24,dim_25,dim_26,dim_27,dim_28,dim_29,dim_30,dim_31
3.2035287240413125e-145,0.0,3.6734198463196485e-40,0.0,0.0,0.0,1.3177747429038154e-82,0.0,0.0,8.470329472543003e-22,1.9362959574246591e-121,0.0019531254656612873,0.0625,3.469446951953614e-18,0.0,0.0,0.0,4.3790577010150533e-47,1.9913648889155653e-59,0.0,3.1861838222649046e-58,3.0980735318794546e-120,8.552847072295026e-50,1.7763568394002505e-15,2.996272867003007e-95,2.6871504430268355e-138,0.0,0.0,0.0,1.55577904206711e-61,5.820766091346741e-11,3.1554556579461996e-30
3.1861838222649046e-58,0.0,0.0,1.7859177988785547e-102,0.0,1.52587890625e-05,2.0303534698525194e-115,3.851859888774472e-34,1.5641274181117976e-148,0.0,0.0,4.656612873077393e-10,0.0,0.0,0.0,0.0,0.0,0.0,7.931068241611404e-118,0.0,5.169878828456423e-26,1.7686873200833423e-74,0.0,0.0,0.0,0.0,0.0,7.820637090558988e-149,0.0,1.448908652612274e-70,1.7197762835371747e-136,0.00390625
1.663265562503184e-111,0.0,0.0,9.183549615799121e-41,4.276423536147513e-50,1.5709099088952725e-89,0.0,0.0,0.0,1.2689709186578246e-116,0.0,4.656612873077393e-10,0.0,1.6794690268917722e-139,1.2446030555722283e-60,0.0,0.0,0.0,6.223015277861142e-61,7.386382894228589e-127,8.470846460425849e-22,7.24454326306137e-71,8.552847072295026e-50,6.196147063758909e-120,7.275957614183426e-12,0.0,2.0303534698525194e-115,7.820637090558988e-149,0.0,1.5557597556440352e-61,5.605193857299268e-45,0.0040283203125
